<?xml version="1.0" encoding="UTF-8"?>
<project-private xmlns="http://www.netbeans.org/ns/project-private/1">
    <editor-bookmarks xmlns="http://www.netbeans.org/ns/editor-bookmarks/2" lastBookmarkId="0"/>
    <open-files xmlns="http://www.netbeans.org/ns/projectui-open-files/2">
        <group>
            <file>file:/home/captn4wesome/Developement/Bright_Future/ChampionsLeague0708/src/championsleague0708/main.java</file>
            <file>file:/home/captn4wesome/Developement/Bright_Future/ChampionsLeague0708/src/championsleague0708/Match.java</file>
            <file>file:/home/captn4wesome/Developement/Bright_Future/ChampionsLeague0708/src/championsleague0708/KoMatchup.java</file>
            <file>file:/home/captn4wesome/Developement/Bright_Future/ChampionsLeague0708/src/championsleague0708/Group.java</file>
            <file>file:/home/captn4wesome/Developement/Bright_Future/ChampionsLeague0708/src/championsleague0708/Club.java</file>
        </group>
    </open-files>
</project-private>
